Year,Channel,Spend_IDR,Revenue_IDR,ROAS
2024,Digital,2337461388,2921718592,1.2499537348507423
2024,Event,3248836718,476440335082,146.64951686931778
2024,Radio,8236890050,9032058309,1.0965374375732986
2024,TV,8136712500,8961716035,1.1013927350880346
2025,Digital,8210361313,28648895328,3.4893586574123527
2025,Event,3446302453,514193133400,149.20139494790882
2025,Radio,5841599181,6433122657,1.1012605380259486
2025,TV,5763024709,6327937811,1.0980237168023568
